pickup_borough,pickup_date,trip_count,total_fare,avg_tip_pct,avg_trip_distance
Bronx,2024-01-01,16,301.31,0.02306456126618601,2.7937499999999997
Brooklyn,2024-01-01,225,6381.500000000001,0.18482684520901962,143.40253333333334
Manhattan,2024-01-01,608,8614.280000000008,0.1751726916120286,17.673717105263165
Queens,2024-01-01,329,6569.000000000002,0.10599796194455531,3.4210638297872307
Unknown,2024-01-01,5,150.96,0.14394780900620327,4.008
Bronx,2024-01-02,42,1086.2500000000002,0.01959083192352894,593.7249999999999
Brooklyn,2024-01-02,239,5416.570000000002,0.12360042115837815,3.035606694560669
Manhattan,2024-01-02,943,14373.099999999999,0.16963489588099764,2.4996288441145285
Queens,2024-01-02,437,8457.180000000006,0.07937949752374933,12.34732265446224
Unknown,2024-01-02,3,56.0,0.05386666666666667,0.0
Bronx,2024-01-03,33,1031.5500000000004,0.012174632416088125,5.373939393939394
Brooklyn,2024-01-03,230,5912.250000000003,0.1323812444245707,3.938652173913045
EWR,2024-01-03,1,175.0,0.20114285714285715,0.0
Manhattan,2024-01-03,1056,16032.559999999994,0.16662138076422092,8.31692234848485
Queens,2024-01-03,460,8861.800000000008,0.10210285691973778,2.9065869565217355
Staten Island,2024-01-03,1,58.3,0.0,15.84
Unknown,2024-01-03,2,20.6,0.0,0.8300000000000001
Bronx,2024-01-04,39,976.0600000000001,0.04551515374791237,1111.9623076923078
Brooklyn,2024-01-04,241,5471.8099999999995,0.14423226702058292,3.5486307053941926
Manhattan,2024-01-04,1276,19594.55,0.16918761960643466,13.002962382445142
Queens,2024-01-04,540,9717.709999999995,0.1131508512116712,2.737462962962964
Unknown,2024-01-04,1,10.0,0.22,0.02
Bronx,2024-01-05,35,827.7199999999999,0.05510163885436405,3.403714285714286
Brooklyn,2024-01-05,247,5811.369999999995,0.1362229487643235,3.5291093117408914
Manhattan,2024-01-05,1328,20241.419999999987,0.16210194955076918,2.3901807228915666
Queens,2024-01-05,500,9621.789999999999,0.09692130317494158,2.950540000000003
Unknown,2024-01-05,3,290.4,0.125,13.516666666666667
Bronx,2024-01-06,27,618.58,0.018208520400539496,1814.9274074074074
Brooklyn,2024-01-06,265,5969.420000000001,0.15281212229522928,3.4138867924528307
Manhattan,2024-01-06,853,12173.049999999996,0.16349334753472994,2.2958499413833513
Queens,2024-01-06,473,8390.359999999991,0.2420879286017813,2.650972515856238
Unknown,2024-01-06,5,184.3,0.0793229880909419,0.642
Bronx,2024-01-07,7,185.32999999999998,0.047142857142857146,4.9399999999999995
Brooklyn,2024-01-07,214,3921.549999999999,0.17374632619832892,3.0281775700934586
Manhattan,2024-01-07,517,7260.150000000001,0.19018795241141379,2.482166344294004
Queens,2024-01-07,387,6577.670000000002,0.10445936241139726,2.6872868217054253
Unknown,2024-01-07,4,37.3,1.0609205693296602,0.7250000000000001
Bronx,2024-01-08,39,771.98,0.038022108423517206,2.3430769230769224
Brooklyn,2024-01-08,218,4789.060000000003,0.12382768623164454,185.69417431192656
Manhattan,2024-01-08,1225,18069.809999999972,0.16303378017775566,2.344677551020408
Queens,2024-01-08,458,8861.430000000006,0.0912002145221204,32.242074235807856
Unknown,2024-01-08,2,48.0,0.021333333333333333,0.0
Bronx,2024-01-09,28,811.16,0.023729479491423865,3.1282142857142854
Brooklyn,2024-01-09,258,4979.359999999998,0.12102575740898663,2.3947286821705434
Manhattan,2024-01-09,1206,17947.03999999999,0.1843360701054333,2.353126036484246
Queens,2024-01-09,557,9126.920000000004,0.1249536970527545,28.56016157989229
Unknown,2024-01-09,3,70.0,0.075,1.9433333333333334
Bronx,2024-01-10,35,806.4000000000001,0.01378869975517227,4421.376000000001
Brooklyn,2024-01-10,259,5488.309999999999,0.16255386637845712,169.7735135135137
Manhattan,2024-01-10,1240,18429.95000000002,0.17015498174603877,39.16420161290324
Queens,2024-01-10,471,8667.209999999995,0.1088772033241789,2.943099787685775
Unknown,2024-01-10,4,63.0,0.1025,0.0425
Bronx,2024-01-11,32,621.86,0.055290235520950005,1.9253125
Brooklyn,2024-01-11,259,5802.269999999998,0.13398284575399277,3.387683397683394
Manhattan,2024-01-11,1274,20140.880000000005,0.1857634696846271,2.445274725274727
Queens,2024-01-11,517,9362.859999999991,0.11903323138850062,2.760889748549324
Unknown,2024-01-11,8,78.8,1.1044956140350877,0.8675
Bronx,2024-01-12,25,593.2099999999999,0.046489635138136136,2.3539999999999996
Brooklyn,2024-01-12,267,5543.599999999998,0.14018705119434222,3.2864794007490628
Manhattan,2024-01-12,1172,17752.260000000035,0.16465276628401188,27.18545221843
Queens,2024-01-12,568,10919.009999999991,0.10859164874006447,2.869419014084507
Unknown,2024-01-12,6,83.8,0.03446590909090909,2.2783333333333333
Bronx,2024-01-13,21,500.5,0.02132229791357458,2.105238095238095
Brooklyn,2024-01-13,323,6656.169999999998,0.17469497735203612,3.1021671826625394
Manhattan,2024-01-13,747,11111.839999999998,0.15531046103108526,64.62314591700137
Queens,2024-01-13,594,10739.830000000002,0.11144098761316432,2.7565319865319875
Unknown,2024-01-13,11,294.70000000000005,0.10178280281809693,2.213636363636364
Bronx,2024-01-14,13,277.39,0.0,3.0607692307692314
Brooklyn,2024-01-14,301,5880.599999999999,0.18954994369747571,3.1200664451827245
Manhattan,2024-01-14,692,9962.329999999982,0.15931199775709953,2.467890173410406
Queens,2024-01-14,417,8867.4,0.10757655861296812,3.078153477218226
Unknown,2024-01-14,3,140.0,0.06814814814814815,0.016666666666666666
Bronx,2024-01-15,20,589.9,0.028220647773279352,2.2075
Brooklyn,2024-01-15,222,4886.13,0.1563151180066552,132.39126126126123
Manhattan,2024-01-15,711,10208.170000000004,0.1661009409363394,2.4095077355836856
Queens,2024-01-15,369,6741.550000000001,0.14196129966630172,2.9160433604336036
Unknown,2024-01-15,4,52.7,0.0,0.875
Bronx,2024-01-16,23,550.0900000000001,0.02787207367446804,3.9213043478260863
Brooklyn,2024-01-16,177,3306.23,0.15728284810272097,109.07937853107344
Manhattan,2024-01-16,1207,17562.82,0.18179217982238297,2.3293454846727406
Queens,2024-01-16,460,7899.490000000006,0.128278489265887,40.209978260869576
Unknown,2024-01-16,3,82.5,0.6666666666666666,6.0633333333333335
Bronx,2024-01-17,16,446.79,0.034050179211469536,3.43
Brooklyn,2024-01-17,257,5281.920000000001,0.17813482190855084,3.1491828793774306
Manhattan,2024-01-17,1442,21828.749999999985,0.1774063944432496,21.784320388349528
Queens,2024-01-17,495,8369.59,0.1321870884219004,66.07177777777775
Unknown,2024-01-17,11,311.53,0.08857142857142856,2.0036363636363634
Bronx,2024-01-18,29,705.2300000000001,0.019268359155971793,2.0955172413793104
Brooklyn,2024-01-18,254,5114.770000000008,0.12712128920488958,168.91952755905515
Manhattan,2024-01-18,1286,20341.300000000017,0.1715021510773536,2.482550544323485
Queens,2024-01-18,533,9645.749999999996,0.12154156438120305,2.752045028142588
Unknown,2024-01-18,4,81.68,0.4583333333333333,3.7125
Bronx,2024-01-19,28,651.5,0.059549003501435424,2.3092857142857146
Brooklyn,2024-01-19,270,5072.06,0.16918765037788447,2.7068518518518507
Manhattan,2024-01-19,1167,17273.69000000004,0.16587962029831543,204.02648671808058
Queens,2024-01-19,504,8689.569999999992,0.12425969438828975,161.83746031746045
Unknown,2024-01-19,3,77.1,0.0,5.87
Bronx,2024-01-20,25,486.2,0.03065505502938891,1309.9336
Brooklyn,2024-01-20,298,5868.380000000002,0.19050844437810752,2.923187919463089
Manhattan,2024-01-20,782,11031.079999999996,0.1583148076198345,2.3256138107416877
Queens,2024-01-20,575,12836.629999999992,0.13021717450463924,2.839408695652172
Unknown,2024-01-20,6,283.2,0.03664983164983165,1.9333333333333336
Bronx,2024-01-21,14,306.97999999999996,0.3830998886613242,3.072142857142857
Brooklyn,2024-01-21,225,4205.820000000001,0.1730551942536689,2.9620888888888914
EWR,2024-01-21,1,17.0,0.0,0.0
Manhattan,2024-01-21,672,9856.689999999991,0.1772021286097992,2.547247023809527
Queens,2024-01-21,481,8703.45999999999,0.12286134269397397,2.7284407484407467
Unknown,2024-01-21,6,232.4,0.2274842114842115,4.871666666666667
Bronx,2024-01-22,34,952.4000000000002,0.019976607411220978,974.0299999999997
Brooklyn,2024-01-22,217,4325.139999999998,0.1394454401159058,102.60064516129029
Manhattan,2024-01-22,1161,17510.54999999999,0.1742965574916538,2.3974849267872558
Queens,2024-01-22,440,8179.729999999999,0.0989321378044736,2.7783863636363666
Unknown,2024-01-22,4,39.0,0.09943181818181818,0.4
Bronx,2024-01-23,33,794.72,1.0101010101010101e-05,3.041212121212121
Brooklyn,2024-01-23,215,4560.199999999999,0.11807523273224935,3.101209302325581
Manhattan,2024-01-23,1146,17872.939999999984,0.17481678618387628,2.4284642233856863
Queens,2024-01-23,497,9506.820000000003,0.11052579967236709,102.51420523138846
Unknown,2024-01-23,5,173.1,0.050625,2.4219999999999997
Bronx,2024-01-24,26,594.7900000000001,0.026814768374727,2.0496153846153846
Brooklyn,2024-01-24,241,5004.720000000004,0.140384239720088,2.901120331950208
Manhattan,2024-01-24,1231,18745.879999999994,0.17572294252561388,28.799463850528042
Queens,2024-01-24,515,8852.209999999997,0.1230638771852948,142.71780582524283
Staten Island,2024-01-24,1,25.0,0.0,0.0
Unknown,2024-01-24,8,119.10000000000001,0.16378582151419416,2.335
Bronx,2024-01-25,36,855.1000000000001,0.095885658646334,2.6230555555555553
Brooklyn,2024-01-25,257,5812.680000000001,0.17976016589169028,88.29517509727636
EWR,2024-01-25,1,117.77,0.1273669015878407,0.0
Manhattan,2024-01-25,1261,20157.640000000014,0.1768724711643997,2.5119825535289455
Queens,2024-01-25,509,9908.639999999994,0.11510229873066212,2.8258742632612956
Unknown,2024-01-25,4,189.84,0.01895910780669145,11.432500000000001
Bronx,2024-01-26,49,1012.7800000000001,0.029634305790494767,2.06204081632653
Brooklyn,2024-01-26,252,6056.180000000003,0.1685266776750446,3.5343650793650774
Manhattan,2024-01-26,1196,18110.509999999995,0.1705360081382495,88.63108695652176
Queens,2024-01-26,520,9346.899999999994,0.11528558885474759,2.7083461538461537
Staten Island,2024-01-26,1,35.2,0.14204545454545456,7.93
Unknown,2024-01-26,7,323.0,0.028907996188165988,3.061428571428572
Bronx,2024-01-27,22,328.21999999999997,0.029187719069281824,2.061363636363636
Brooklyn,2024-01-27,319,7053.549999999995,0.15142855807385047,81.36905956112855
Manhattan,2024-01-27,784,11542.160000000003,0.15882436114249918,2.38922193877551
Queens,2024-01-27,451,8309.290000000008,0.1145763145936221,2.9034589800443453
Unknown,2024-01-27,3,21.0,0.020833333333333332,0.2966666666666667
Bronx,2024-01-28,16,379.62,0.03533987021068056,3.4574999999999996
Brooklyn,2024-01-28,257,4842.499999999999,0.17201416603740757,58.4185214007782
Manhattan,2024-01-28,763,10744.130000000001,0.18628358185055266,45.682162516382725
Queens,2024-01-28,369,7640.739999999997,0.14746462197918164,97.97013550135505
Unknown,2024-01-28,4,76.0,0.043333333333333335,0.705
Bronx,2024-01-29,47,1133.9099999999999,0.02118620940144366,2.75595744680851
Brooklyn,2024-01-29,231,4920.53,0.14289308645315052,3.2571428571428576
Manhattan,2024-01-29,1261,19174.919999999984,0.17026755089594078,2.4557494052339432
Queens,2024-01-29,437,8090.570000000003,0.11962355899558823,2.914713958810069
Staten Island,2024-01-29,1,20.5,0.0,3.57
Unknown,2024-01-29,2,30.0,0.11,0.05
Bronx,2024-01-30,26,746.58,0.06019464079084131,2.115384615384615
Brooklyn,2024-01-30,243,5210.419999999997,0.15855791357978066,114.07814814814814
Manhattan,2024-01-30,1301,20796.619999999984,0.17283601163321824,41.32395849346658
Queens,2024-01-30,437,7575.9699999999975,0.12117087395146826,74.93620137299773
Unknown,2024-01-30,4,61.7,2.500125,2.6475
Bronx,2024-01-31,30,882.1100000000001,0.021819060118997338,3.972666666666667
Brooklyn,2024-01-31,249,5866.759999999995,0.1494254421961058,3.2120481927710838
Manhattan,2024-01-31,1269,19588.350000000002,0.17279440269942486,2.4304018912529526
Queens,2024-01-31,546,9177.819999999998,0.13121966686587785,2.5432967032967038
Staten Island,2024-01-31,1,89.1,0.0,21.27
Unknown,2024-01-31,2,133.2,0.10054249547920434,7.2
