source_row_number,vendor_id,pickup_datetime,dropoff_datetime,pickup_location_id,dropoff_location_id,passenger_count,trip_distance,fare_amount,tip_amount,total_amount,payment_type
1,2,2024-01-01 08:00:00,2024-01-01 08:15:00,74,75,1,2,10,2,12,1
2,2,2024-01-01 09:00:00,2024-01-01 09:10:00,41,42,1,1,5,0,5,2
3,2,2024-01-02 10:00:00,2024-01-02 10:00:00,7,129,1,0,0,0,0,2
4,2,2024-01-02 12:00:00,2024-01-02 12:20:00,41,7,1,4,20,4,24,1
5,2,2024-01-03 13:00:00,2024-01-03 13:10:00,74,41,1,3,-8,0,-8,2
6,2,2024-01-03 14:00:00,2024-01-03 14:10:00,,41,1,2,8,0,8,2
7,2,2024-01-03 15:00:00,2024-01-03 15:10:00,999,41,1,2,8,0,8,2
8,2,2024-01-04 16:00:00,2024-01-04 16:25:00,7,999,1,5,25,5,30,1
9,2,2024-01-04 17:00:00,2024-01-04 17:10:00,7,74,1,-1,10,0,10,2
10,2,2024-01-04 18:00:00,2024-01-04 18:10:00,7,74,1,2,10,,10,2
11,2,2024-01-01 08:00:00,2024-01-01 08:15:00,74,75,1,2,10,2,12,1
12,2,2024-02-01 06:00:00,2024-02-01 06:10:00,41,7,1,1,7,1,8,1
